stock_code,name,theme
300750.SZ,宁德时代,锂电池
002594.SZ,比亚迪,新能源汽车
601012.SH,隆基绿能,光伏
300274.SZ,阳光电源,光伏逆变器
300014.SZ,亿纬锂能,锂电池
002812.SZ,恩捷股份,锂电材料
002709.SZ,天赐材料,锂电材料
603799.SH,华友钴业,锂电材料
002466.SZ,天齐锂业,锂矿
002460.SZ,赣锋锂业,锂矿
300037.SZ,新宙邦,锂电材料
600438.SH,通威股份,光伏
688599.SH,天合光能,光伏
688223.SH,晶科能源,光伏
300450.SZ,先导智能,锂电设备
300568.SZ,星源材质,锂电材料
002129.SZ,TCL中环,光伏
600089.SH,特变电工,新能源电力设备
601865.SH,福莱特,光伏玻璃
688303.SH,大全能源,硅料
002459.SZ,晶澳科技,光伏
603659.SH,璞泰来,锂电材料
300073.SZ,当升科技,锂电材料
688005.SH,容百科技,锂电材料
300769.SZ,德方纳米,锂电材料
002074.SZ,国轩高科,锂电池
300207.SZ,欣旺达,锂电池
300438.SZ,鹏辉能源,储能
688063.SH,派能科技,储能
688390.SH,固德威,光伏逆变器
300763.SZ,锦浪科技,光伏逆变器
605117.SH,德业股份,光伏逆变器
688032.SH,禾迈股份,光伏逆变器
300751.SZ,迈为股份,光伏设备
300724.SZ,捷佳伟创,光伏设备
603185.SH,上机数控,光伏硅片
600732.SH,爱旭股份,光伏电池
300316.SZ,晶盛机电,光伏设备
603606.SH,东方电缆,海上风电
601615.SH,明阳智能,风电
002202.SZ,金风科技,风电
600905.SH,三峡能源,新能源电力
601985.SH,中国核电,新能源电力
003816.SZ,中国广核,新能源电力
600900.SH,长江电力,清洁电力
000400.SZ,许继电气,电力设备
600406.SH,国电南瑞,电力设备
300124.SZ,汇川技术,电控
600580.SH,卧龙电驱,电机电控
601689.SH,拓普集团,新能源汽车零部件
